"","Before_QC","After_QC"
"total_reads",23379546,23325007
"total_bases",1168977300,1166045584
"q20_bases",1150622415,1147886754
"q30_bases",1081053314,1078491036
"q20_rate",0.984298,0.984427
"q30_rate",0.924786,0.924913
"read1_mean_length",50,49
"gc_content",0.46123,0.461554
